,avg_trade_value,avg_one_way_turnover,avg_transaction_cost
G4,1.4090467747640711,0.7045233873820356,0.0014090467747640712
G5,0.9589070705827764,0.4794535352913882,0.0009589070705827763
